<?xml version="1.0" encoding="UTF-8"?>
<project-private xmlns="http://www.netbeans.org/ns/project-private/1">
    <editor-bookmarks xmlns="http://www.netbeans.org/ns/editor-bookmarks/2" lastBookmarkId="0"/>
    <open-files xmlns="http://www.netbeans.org/ns/projectui-open-files/2">
        <group>
            <file>file:/C:/Users/adamk/Documents/NetBeansProjects/MarineChallengesApp/src/marinechallengesapp/DonationGUI.java</file>
            <file>file:/C:/Users/adamk/Documents/NetBeansProjects/MarineChallengesApp/src/marinechallengesapp/MarineChallengesApp.java</file>
            <file>file:/C:/Users/adamk/Documents/NetBeansProjects/MarineChallengesApp/src/marinechallengesapp/Donation.java</file>
            <file>file:/C:/Users/adamk/Documents/NetBeansProjects/MarineChallengesApp/src/marinechallengesapp/MarineChallenges.java</file>
            <file>file:/C:/Users/adamk/Documents/NetBeansProjects/MarineChallengesApp/src/marinechallengesapp/GlobalWarming.java</file>
        </group>
    </open-files>
</project-private>
